{"end-point": "/api/sample/", "products": [{"currency": "DKK", "kids": "0", "name": "Gavekort", "sizes": "One Size", "kid_adult": "0", "free_porto": "0", "image": "https://dxjm75mafwy8p.cloudfront.net/product/1/e1daa14a0ea9.jpg", "package": "0", "id": "1", "delivery": "1-2 dage", "url": "https://www.unisport.dk/gavekort/", "online": "1", "price_old": "0,00", "img_url": "https://s3-eu-west-1.amazonaws.com/product-img/1_maxi_0.jpg", "price": "0,00", "women": "0"}, {"currency": "DKK", "kids": "0", "name": "adidas Copa Mundial FG", "sizes": "EU 36/UK 3\u00bd, EU 36\u2154/UK 4, EU 38/UK 5, EU 39\u2153/UK 6, EU 40/UK 6\u00bd, EU 40\u2154/UK 7, EU 41\u2153/UK 7\u00bd, EU 42/UK 8, EU 42\u2154/UK 8\u00bd, EU 43\u2153/UK 9, EU 44/UK 9\u00bd, EU 44\u2154/UK 10, EU 45\u2153/UK 10\u00bd, EU 46/UK 11, EU 46\u2154/UK 11\u00bd, EU 47\u2153/UK 12, EU 48/UK 12\u00bd, EU 48\u2154/UK 13, EU 50\u2154/UK 14\u00bd, EU 51\u2153/UK 15", "kid_adult": "1", "free_porto": "0", "image": "https://dfty5aqh50660.cloudfront.net/product/107/33b4e2f225cf.jpg", "package": "0", "id": "107", "delivery": "1-2 dage", "url": "https://www.unisport.dk/fodboldstoevler/adidas-copa-mundial-fg/107/", "online": "1", "price_old": "1.099,00", "img_url": "https://s3-eu-west-1.amazonaws.com/product-img/107_maxi_0.jpg", "price": "899,00", "women": "0"}, {"currency": "DKK", "kids": "0", "name": "Select Gymnastikpose", "sizes": "One Size", "kid_adult": "0", "free_porto": "0", "image": "https://dfty5aqh50660.cloudfront.net/product/6710/387e573090fc.jpg", "package": "0", "id": "6710", "delivery": "1-2 dage", "url": "https://www.unisport.dk/fodboldudstyr/select-gymnastikpose/6710/", "online": "1", "price_old": "0,00", "img_url": "https://s3-eu-west-1.amazonaws.com/product-img/6710_maxi_0.jpg", "price": "49,00", "women": "0"}, {"currency": "DKK", "kids": "0", "name": "Select Linjevogterflag Amat\u00f8r", "sizes": "One Size", "kid_adult": "0", "free_porto": "0", "image": "https://d2dqilexnm582f.cloudfront.net/product/6715/7a655f0bd2f7.jpg", "package": "0", "id": "6715", "delivery": "1-2 dage", "url": "https://www.unisport.dk/fodboldudstyr/select-linjevogterflag-amatr/6715/", "online": "1", "price_old": "0,00", "img_url": "https://s3-eu-west-1.amazonaws.com/product-img/6715_maxi_0.jpg", "price": "129,00", "women": "0"}, {"currency": "DKK", "kids": "0", "name": "adidas World Cup SG", "sizes": "EU 36\u2154/UK 4, EU 37\u2153/UK 4\u00bd, EU 38/UK 5, EU 39\u2153/UK 6, EU 40/UK 6\u00bd, EU 40\u2154/UK 7, EU 41\u2153/UK 7\u00bd, EU 42/UK 8, EU 43\u2153/UK 9, EU 44/UK 9\u00bd, EU 46\u2154/UK 11\u00bd, EU 47\u2153/UK 12", "kid_adult": "1", "free_porto": "0", "image": "https://d34aj0jffcqapo.cloudfront.net/product/22874/24484dbcf295.jpg", "package": "0", "id": "22874", "delivery": "1-2 dage", "url": "https://www.unisport.dk/fodboldstoevler/adidas-world-cup-sg/22874/", "online": "1", "price_old": "999,00", "img_url": "https://s3-eu-west-1.amazonaws.com/product-img/22874_maxi_0.jpg", "price": "749,00", "women": "0"}, {"currency": "DKK", "kids": "0", "name": "Puma King Top DI FG", "sizes": "EU 36/UK 3\u00bd, EU 37/UK 4, EU 37\u00bd/UK 4\u00bd, EU 38/UK 5, EU 38\u00bd/UK 5\u00bd, EU 39/UK 6, EU 40/UK 6\u00bd, EU 40\u00bd/UK 7, EU 41/UK 7\u00bd, EU 42/UK 8, EU 42\u00bd/UK 8\u00bd, EU 43/UK 9, EU 44/UK 9\u00bd, EU 44\u00bd/UK 10, EU 45/UK 10\u00bd, EU 46/UK 11, EU 46\u00bd/UK 11\u00bd, EU 47/UK 12", "kid_adult": "0", "free_porto": "0", "image": "https://dfty5aqh50660.cloudfront.net/product/26487/334a92eab3fa.jpg", "package": "0", "id": "26487", "delivery": "1-2 dage", "url": "https://www.unisport.dk/fodboldstoevler/puma-king-top-di-fg/26487/", "online": "1", "price_old": "999,00", "img_url": "https://s3-eu-west-1.amazonaws.com/product-img/26487_maxi_0.jpg", "price": "699,00", "women": "0"}, {"currency": "DKK", "kids": "0", "name": "Nike Benskinneholdere Hvid", "sizes": "One Size", "kid_adult": "0", "free_porto": "0", "image": "https://dxjm75mafwy8p.cloudfront.net/product/28091/10eb830aae6c.jpg", "package": "0", "id": "28091", "delivery": "1-2 dage", "url": "https://www.unisport.dk/benskinner/nike-benskinneholdere-hvid/28091/", "online": "1", "price_old": "0,00", "img_url": "https://s3-eu-west-1.amazonaws.com/product-img/28091_maxi_0.jpg", "price": "49,00", "women": "0"}, {"currency": "DKK", "kids": "0", "name": "Nike Benskinneholdere Sort", "sizes": "One Size", "kid_adult": "0", "free_porto": "0", "image": "https://d2ij1pxeion66i.cloudfront.net/product/28092/d084946f0cc5.jpg", "package": "0", "id": "28092", "delivery": "1-2 dage", "url": "https://www.unisport.dk/benskinner/nike-benskinneholdere-sort/28092/", "online": "1", "price_old": "0,00", "img_url": "https://s3-eu-west-1.amazonaws.com/product-img/28092_maxi_0.jpg", "price": "49,00", "women": "0"}, {"currency": "DKK", "kids": "0", "name": "Select Tr\u00e6nings/Frisparksfigur Professionel Voksen", "sizes": "One Size", "kid_adult": "0", "free_porto": "0", "image": "https://d2ij1pxeion66i.cloudfront.net/product/34761/05d1d6f3b492.jpg", "package": "0", "id": "34761", "delivery": "1-2 dage", "url": "https://www.unisport.dk/fodboldudstyr/select-trningsfrisparksfigur-professionel-voksen/34761/", "online": "1", "price_old": "0,00", "img_url": "https://s3-eu-west-1.amazonaws.com/product-img/34761_maxi_0.jpg", "price": "999,00", "women": "0"}, {"currency": "DKK", "kids": "0", "name": "Select Drikkedunksholder", "sizes": "One Size", "kid_adult": "0", "free_porto": "0", "image": "https://dfty5aqh50660.cloudfront.net/product/34797/c3df22bec3aa.jpg", "package": "0", "id": "34797", "delivery": "1-2 dage", "url": "https://www.unisport.dk/fodboldudstyr/select-drikkedunksholder/34797/", "online": "1", "price_old": "0,00", "img_url": "https://s3-eu-west-1.amazonaws.com/product-img/34797_maxi_0.jpg", "price": "69,00", "women": "0"}, {"currency": "DKK", "kids": "0", "name": "Select Senior Medicintaske M/Indhold", "sizes": "One Size", "kid_adult": "0", "free_porto": "0", "image": "https://d1alu5gpg11xej.cloudfront.net/product/34800/9a82e2298c04.jpg", "package": "0", "id": "34800", "delivery": "1-2 dage", "url": "https://www.unisport.dk/fodboldudstyr/select-senior-medicintaske-mindhold/34800/", "online": "1", "price_old": "0,00", "img_url": "https://s3-eu-west-1.amazonaws.com/product-img/34800_maxi_0.jpg", "price": "849,00", "women": "0"}, {"currency": "DKK", "kids": "0", "name": "Select Str\u00f8mpetape Klassisk 1,9 cm R\u00f8d", "sizes": "One Size", "kid_adult": "0", "free_porto": "0", "image": "https://d23m35kqv7rxx3.cloudfront.net/product/35606/c4580af3fd65.jpg", "package": "0", "id": "35606", "delivery": "1-2 dage", "url": "https://www.unisport.dk/benskinner/select-strmpetape-klassisk-19-cm-rd/35606/", "online": "1", "price_old": "15,00", "img_url": "https://s3-eu-west-1.amazonaws.com/product-img/35606_maxi_0.jpg", "price": "15,00", "women": "0"}, {"currency": "DKK", "kids": "0", "name": "Select Str\u00f8mpetape Klassisk 1,9 cm Bl\u00e5", "sizes": "One Size", "kid_adult": "0", "free_porto": "0", "image": "https://d34aj0jffcqapo.cloudfront.net/product/35607/2bde32a2045b.jpg", "package": "0", "id": "35607", "delivery": "1-2 dage", "url": "https://www.unisport.dk/benskinner/select-strmpetape-klassisk-19-cm-bla/35607/", "online": "1", "price_old": "15,00", "img_url": "https://s3-eu-west-1.amazonaws.com/product-img/35607_maxi_0.jpg", "price": "15,00", "women": "0"}, {"currency": "DKK", "kids": "0", "name": "Select Str\u00f8mpetape Klassisk 1,9 cm Sort", "sizes": "One Size", "kid_adult": "0", "free_porto": "0", "image": "https://d23m35kqv7rxx3.cloudfront.net/product/35608/44465b9001bb.jpg", "package": "0", "id": "35608", "delivery": "1-2 dage", "url": "https://www.unisport.dk/benskinner/select-strmpetape-klassisk-19-cm-sort/35608/", "online": "1", "price_old": "15,00", "img_url": "https://s3-eu-west-1.amazonaws.com/product-img/35608_maxi_0.jpg", "price": "15,00", "women": "0"}, {"currency": "DKK", "kids": "0", "name": "Select Str\u00f8mpetape Klassisk 1,9 cm Hvid", "sizes": "One Size", "kid_adult": "0", "free_porto": "0", "image": "https://d2qmfz594u0oa4.cloudfront.net/product/35609/62a22a9a1018.jpg", "package": "0", "id": "35609", "delivery": "1-2 dage", "url": "https://www.unisport.dk/benskinner/select-strmpetape-klassisk-19-cm-hvid/35609/", "online": "1", "price_old": "15,00", "img_url": "https://s3-eu-west-1.amazonaws.com/product-img/35609_maxi_0.jpg", "price": "15,00", "women": "0"}, {"currency": "DKK", "kids": "0", "name": "Select Profcare Tandbeskytter Lys", "sizes": "One Size Junior, One Size Adult", "kid_adult": "0", "free_porto": "0", "image": "https://d23m35kqv7rxx3.cloudfront.net/product/36184/ca4c293be077.jpg", "package": "0", "id": "36184", "delivery": "1-2 dage", "url": "https://www.unisport.dk/fodboldudstyr/select-profcare-tandbeskytter-lys/36184/", "online": "1", "price_old": "0,00", "img_url": "https://s3-eu-west-1.amazonaws.com/product-img/36184_maxi_0.jpg", "price": "39,00", "women": "0"}, {"currency": "DKK", "kids": "0", "name": "Unisport Drikkedunk", "sizes": "One Size", "kid_adult": "0", "free_porto": "0", "image": "https://d34aj0jffcqapo.cloudfront.net/product/36456/a2201b78c229.jpg", "package": "0", "id": "36456", "delivery": "1-2 dage", "url": "https://www.unisport.dk/fodboldudstyr/unisport-drikkedunk/36456/", "online": "1", "price_old": "0,00", "img_url": "https://s3-eu-west-1.amazonaws.com/product-img/36456_maxi_0.jpg", "price": "25,00", "women": "0"}, {"currency": "DKK", "kids": "0", "name": "Select Profcare Albuebind", "sizes": "X-Small, Small, Medium, Large, X-Large, XX-Large", "kid_adult": "0", "free_porto": "0", "image": "https://d2qmfz594u0oa4.cloudfront.net/product/44003/66354098fd70.jpg", "package": "0", "id": "44003", "delivery": "1-2 dage", "url": "https://www.unisport.dk/fodboldudstyr/select-profcare-albuebind/44003/", "online": "1", "price_old": "0,00", "img_url": "https://s3-eu-west-1.amazonaws.com/product-img/44003_maxi_0.jpg", "price": "199,00", "women": "0"}, {"currency": "DKK", "kids": "0", "name": "Select Profcare Skulderbind", "sizes": "X-Small, Small, Large, X-Large, XX-Large", "kid_adult": "0", "free_porto": "0", "image": "https://d23m35kqv7rxx3.cloudfront.net/product/44004/a4f6ab0a61b9.jpg", "package": "0", "id": "44004", "delivery": "1-2 dage", "url": "https://www.unisport.dk/fodboldudstyr/select-profcare-skulderbind/44004/", "online": "1", "price_old": "0,00", "img_url": "https://s3-eu-west-1.amazonaws.com/product-img/44004_maxi_0.jpg", "price": "399,00", "women": "0"}, {"currency": "DKK", "kids": "0", "name": "Select Profcare Kn\u00e6bind", "sizes": "Small, Large, X-Large", "kid_adult": "0", "free_porto": "0", "image": "https://d1alu5gpg11xej.cloudfront.net/product/44008/9a68f5cf831c.jpg", "package": "0", "id": "44008", "delivery": "1-2 dage", "url": "https://www.unisport.dk/fodboldudstyr/select-profcare-knbind/44008/", "online": "1", "price_old": "0,00", "img_url": "https://s3-eu-west-1.amazonaws.com/product-img/44008_maxi_0.jpg", "price": "199,00", "women": "0"}, {"currency": "DKK", "kids": "0", "name": "Select Profcare L\u00e5rbind", "sizes": "X-Small, Small, Medium, Large, XX-Large", "kid_adult": "0", "free_porto": "0", "image": "https://d34aj0jffcqapo.cloudfront.net/product/44012/201781a789e0.jpg", "package": "0", "id": "44012", "delivery": "1-2 dage", "url": "https://www.unisport.dk/fodboldudstyr/select-profcare-larbind/44012/", "online": "1", "price_old": "0,00", "img_url": "https://s3-eu-west-1.amazonaws.com/product-img/44012_maxi_0.jpg", "price": "199,00", "women": "0"}, {"currency": "DKK", "kids": "0", "name": "Select Spillehandsker", "sizes": "8 - Small, 9 - Medium, 10 - Large, 11 - X-Large", "kid_adult": "0", "free_porto": "0", "image": "https://dhmmnhg6rkouo.cloudfront.net/product/44241/83597c8a79bd.jpg", "package": "0", "id": "44241", "delivery": "1-2 dage", "url": "https://www.unisport.dk/fodboldudstyr/select-spillehandsker/44241/", "online": "1", "price_old": "99,00", "img_url": "https://s3-eu-west-1.amazonaws.com/product-img/44241_maxi_0.jpg", "price": "99,00", "women": "0"}, {"currency": "DKK", "kids": "0", "name": "adidas Fodboldstr\u00f8mper Milano Navy", "sizes": "31-33, 34-36", "kid_adult": "1", "free_porto": "0", "image": "https://dhmmnhg6rkouo.cloudfront.net/product/47816/806822e04a8e.jpg", "package": "0", "id": "47816", "delivery": "1-2 dage", "url": "https://www.unisport.dk/fodboldudstyr/adidas-fodboldstrmper-milano-navy/47816/", "online": "1", "price_old": "0,00", "img_url": "https://s3-eu-west-1.amazonaws.com/product-img/47816_maxi_0.jpg", "price": "79,00", "women": "0"}, {"currency": "DKK", "kids": "0", "name": "Select Str\u00f8mpetape Klassisk 1,9 cm Gr\u00f8n", "sizes": "One Size", "kid_adult": "0", "free_porto": "0", "image": "https://d2dqilexnm582f.cloudfront.net/product/50313/a7e8c3f311d9.jpg", "package": "0", "id": "50313", "delivery": "1-2 dage", "url": "https://www.unisport.dk/benskinner/select-strmpetape-klassisk-19-cm-grn/50313/", "online": "1", "price_old": "15,00", "img_url": "https://s3-eu-west-1.amazonaws.com/product-img/50313_maxi_0.jpg", "price": "15,00", "women": "0"}, {"currency": "DKK", "kids": "0", "name": "Select Anf\u00f8rerbind C Hvid", "sizes": "One Size", "kid_adult": "0", "free_porto": "0", "image": "https://dfty5aqh50660.cloudfront.net/product/51028/33cad4df5bd6.jpg", "package": "0", "id": "51028", "delivery": "1-2 dage", "url": "https://www.unisport.dk/fodboldudstyr/select-anfrerbind-c-hvid/51028/", "online": "1", "price_old": "0,00", "img_url": "https://s3-eu-west-1.amazonaws.com/product-img/51028_maxi_0.jpg", "price": "29,00", "women": "0"}]}